date_utc,market_id,label,question,yes_price,best_bid,best_ask,volume_24h,closed,grok_called,score,catalyst,volume_signal,error
2026-09-26T09:14Z,2589813,Fed +25bps Oct 2026,Will the Fed increase interest rates by 25 bps after the October 2026 meeting?,0.645,0.64,0.65,230359.01308799995,0,1,36,Hawkish Fed official comments and rising yields drove October 2026 25bps hike odds from around 50% into the mid-60s on multi-million-dollar Polymarket volume.,rising,
2026-09-26T09:14Z,4641065,US-Iran ceasefire through Oct 31,US x Iran ceasefire continues through October 31?,0.545,0.54,0.55,74899.72846700001,0,1,19,Polymarket odds on the US-Iran ceasefire holding through October 31 swung from about 50% to 75% on a $336K volume spike before settling near 59.5% as traders weighed renewed strike and shipping risks.,rising,
2026-09-26T09:14Z,562828,"Balance of Power: D Senate, D House","2026 Balance of Power: D Senate, D House",0.615,0.61,0.62,45427.70346299999,0,1,28,Polymarket repriced D Senate + D House up to 64% while a whale opened a large No position at 37 cents.,rising,
2026-09-26T09:14Z,2100981,"Likud most seats, Israel 2026",Will Likud win the most seats in the 2026 Israeli legislative election?,0.415,0.41,0.42,32091.194954,0,1,-28,"Polymarket still has Yashar favored over Likud for most Knesset seats, though Yashar's odds fell from 62% to 55% in the last hour as polls keep the two parties nearly tied.",rising,
2026-09-26T09:14Z,1892495,Minnesota Lynx win 2026 WNBA Finals,Will Minnesota Lynx win the 2026 WNBA Finals?,0.47,0.46,0.48,60877.138235000006,0,1,48,"Lynx locked the No. 1 seed and home-court edge as playoffs open, with title odds shortening from +300 to +115 and Polymarket near 42%.",rising,
2026-09-26T14:29Z,2589813,Fed +25bps Oct 2026,Will the Fed increase interest rates by 25 bps after the October 2026 meeting?,0.645,0.64,0.65,180829.38451699994,0,1,63,Whale buys of YES at 63¢ and 12x average volume follow the September hike amid sticky inflation expectations.,rising,
2026-09-26T14:29Z,4641065,US-Iran ceasefire through Oct 31,US x Iran ceasefire continues through October 31?,0.565,0.56,0.57,113144.81705800003,0,1,-32,"Trump rejected Iran’s 7-day ceasefire proposal, weighing on odds the US-Iran truce holds through October 31 after recent prints near 58-60%.",rising,
2026-09-26T14:29Z,562828,"Balance of Power: D Senate, D House","2026 Balance of Power: D Senate, D House",0.615,0.61,0.62,80267.47553300002,0,1,58,Democratic sweep odds climbed from the low-50s into the mid-60s as traders priced a correlated midterm wave rather than independent chamber bets.,rising,
2026-09-26T14:29Z,2100981,"Likud most seats, Israel 2026",Will Likud win the most seats in the 2026 Israeli legislative election?,0.415,0.41,0.42,7601.233585,0,1,-38,Polymarket and outlets report Yashar at about 62-69% versus Likud near 38-39% for most Knesset seats after Eisenkot widened the gap.,flat,
2026-09-26T14:29Z,1892495,Minnesota Lynx win 2026 WNBA Finals,Will Minnesota Lynx win the 2026 WNBA Finals?,0.47,0.46,0.48,37178.138235,0,1,28,Playoffs open with the Lynx as the No. 1 seed while Polymarket and Kalshi still price them only around 42-47% to win the title.,rising,
2026-09-26T20:02Z,2589813,Fed +25bps Oct 2026,Will the Fed increase interest rates by 25 bps after the October 2026 meeting?,0.645,0.64,0.65,96182.05442099998,0,1,62,"After September’s unanimous hike, sticky inflation, solid growth, and officials including Williams calling another 2026 increase reasonable have discussion centered on a second 25 bp rise in October if next week’s PCE and jobs data stay firm.",rising,
2026-09-26T20:02Z,4641065,US-Iran ceasefire through Oct 31,US x Iran ceasefire continues through October 31?,0.585,0.58,0.59,85731.33315100001,0,1,-62,"Trump rejected Iran’s seven-day ceasefire proposal over the Strait of Hormuz and has signaled renewed strikes after the midterms, while the blockade and shipping tensions continue.",rising,
2026-09-26T20:02Z,562828,"Balance of Power: D Senate, D House","2026 Balance of Power: D Senate, D House",0.615,0.61,0.62,78732.30094600002,0,1,38,"Democrats lead the generic ballot and are widely expected to retake the House, but a full sweep still depends on a tighter Senate fight about five weeks before Election Day.",flat,
2026-09-26T20:02Z,2100981,"Likud most seats, Israel 2026",Will Likud win the most seats in the 2026 Israeli legislative election?,0.405,0.4,0.41,7969.253111,0,1,-32,"Late-September Knesset polls mostly place Gadi Eisenkot’s Yashar slightly ahead of or level with Benjamin Netanyahu’s Likud for the most seats ahead of the October 27 election, though some right-leaning surveys still put Likud first.",rising,
2026-09-26T20:02Z,1892495,Minnesota Lynx win 2026 WNBA Finals,Will Minnesota Lynx win the 2026 WNBA Finals?,0.455,0.45,0.46,34548.992781,0,1,68,"Top-seeded Minnesota Lynx open the 2026 WNBA playoffs as the league's best team, with fans widely predicting they will win the championship.",rising,
2026-09-27T14:29Z,2589813,Fed +25bps Oct 2026,Will the Fed increase interest rates by 25 bps after the October 2026 meeting?,0.645,0.64,0.65,59824.89241599999,0,1,55,"After September's unanimous hike, the Fed's median projections and Williams' comment that another increase is reasonable have put a further 25 bps move at the October meeting on the table if inflation stays elevated.",rising,
2026-09-27T14:29Z,4641065,US-Iran ceasefire through Oct 31,US x Iran ceasefire continues through October 31?,0.495,0.49,0.5,74156.75201400001,0,1,-65,Trump rejected Iran's 7-day ceasefire proposal to reopen the Strait of Hormuz as the US blockade continues to pressure Tehran.,rising,
2026-09-27T14:29Z,562828,"Balance of Power: D Senate, D House","2026 Balance of Power: D Senate, D House",0.605,0.6,0.61,27544.089977999996,0,1,46,"A late-September YouGov/Economist poll of likely voters shows Democrats ahead by 14 points on the generic congressional ballot, strengthening expectations of a Democratic House majority and a plausible path to Senate control in the November 3 midterms.",rising,
2026-09-27T14:29Z,2100981,"Likud most seats, Israel 2026",Will Likud win the most seats in the 2026 Israeli legislative election?,0.385,0.38,0.39,3058.567112,0,1,-25,"A month before the October 27 vote, recent Israeli polls remain sharply split, with several mainstream surveys showing Eisenkot’s Yashar slightly ahead of or level with Likud for the most seats while right-leaning polls still put Likud clearly in front.",rising,
2026-09-27T14:29Z,1892495,Minnesota Lynx win 2026 WNBA Finals,Will Minnesota Lynx win the 2026 WNBA Finals?,0.455,0.45,0.46,4339.2127279999995,0,1,52,"The No. 1-seeded Minnesota Lynx open the 2026 WNBA playoffs today against the Liberty after a 33-11 season, and fans largely treat them as the team most likely to win the title despite doubts about playoff toughness.",rising,
2026-09-28T14:35Z,2589813,Fed +25bps Oct 2026,Will the Fed increase interest rates by 25 bps after the October 2026 meeting?,0.655,0.65,0.66,143329.779897,0,1,42,"After September's hike, Fed officials citing sticky inflation and elevated oil prices are keeping a further 25 bp increase at the October meeting actively in play.",rising,
2026-09-28T14:35Z,4641065,US-Iran ceasefire through Oct 31,US x Iran ceasefire continues through October 31?,0.555,0.55,0.56,45731.565064,0,1,-40,"Trump rejected Iran's latest ceasefire proposal over the weekend and reports say he expects renewed bombing after the midterms, even as he indicated talks could resume this week.",rising,
2026-09-28T14:35Z,562828,"Balance of Power: D Senate, D House","2026 Balance of Power: D Senate, D House",0.605,0.6,0.61,47758.361992,0,1,42,"Late-September generic-ballot polls show Democrats ahead by roughly 5 to 14 points, making a House majority likely while Senate control remains a toss-up that would require a net gain of about four seats.",rising,
2026-09-28T14:35Z,2100981,"Likud most seats, Israel 2026",Will Likud win the most seats in the 2026 Israeli legislative election?,0.41,0.4,0.42,9578.976667,0,1,-25,"A month before the October 27 vote, recent Kan and Channel 13 polls show Eisenkot’s Yashar narrowly ahead of Likud for the most seats, with both blocs still short of a majority.",rising,
2026-09-28T14:35Z,1892495,Minnesota Lynx win 2026 WNBA Finals,Will Minnesota Lynx win the 2026 WNBA Finals?,0.225,0.22,0.23,22019.061773,0,1,-25,"The top-seeded Minnesota Lynx were blown out 91-75 at home by the Liberty in Game 1, leaving their title hopes on the brink in a best-of-three series despite a league-best regular season.",rising,
2026-09-29T14:34Z,2589813,Fed +25bps Oct 2026,Will the Fed increase interest rates by 25 bps after the October 2026 meeting?,0.645,0.64,0.65,183197.23101800008,0,1,45,"Persistent inflation, hawkish Fed signals, tighter labor market and rising yields suggest the central bank may need to hike rates again in October to combat price pressures.",flat,
2026-09-29T14:34Z,4641065,US-Iran ceasefire through Oct 31,US x Iran ceasefire continues through October 31?,0.595,0.59,0.6,75265.54732600001,0,1,-50,US-Iran conflict continues amid rejected ceasefire proposals and expectations of renewed fighting after midterms.,flat,
2026-09-29T14:34Z,562828,"Balance of Power: D Senate, D House","2026 Balance of Power: D Senate, D House",0.62,0.61,0.63,35113.102383,0,1,15,Projections show Democrats gaining the House and possibly the Senate in the 2026 midterms due to a strong generic ballot advantage.,flat,
2026-09-29T14:34Z,2100981,"Likud most seats, Israel 2026",Will Likud win the most seats in the 2026 Israeli legislative election?,0.415,0.41,0.42,11671.824342999998,0,1,-45,"Recent polls ahead of Israel's October 27 election show Likud trailing or tied with Yashar for most seats, with Netanyahu's bloc short of a majority.",rising,
2026-09-29T14:34Z,1892495,Minnesota Lynx win 2026 WNBA Finals,Will Minnesota Lynx win the 2026 WNBA Finals?,0.22,0.21,0.23,285.05,0,1,55,"Minnesota Lynx posted a dominant 33-11 regular season as the top seed, earning Coach of the Year for Cheryl Reeve and unanimous Rookie of the Year for Olivia Miles.",flat,
2026-09-30T14:37Z,2589813,Fed +25bps Oct 2026,Will the Fed increase interest rates by 25 bps after the October 2026 meeting?,0.335,0.33,0.34,840549.8391799999,0,1,25,"Fed officials show mixed signals on an October 2026 rate hike after the recent September increase, with some hawkish comments but others urging no urgency due to inflation assessment.",flat,
2026-09-30T14:37Z,4641065,US-Iran ceasefire through Oct 31,US x Iran ceasefire continues through October 31?,0.625,0.62,0.63,68932.116981,0,1,-35,US-Iran ceasefire talks via Qatar mediators have stalled with Trump rejecting Iran's 7-day Hormuz proposal as the conflict continues,flat,
2026-09-30T14:37Z,562828,"Balance of Power: D Senate, D House","2026 Balance of Power: D Senate, D House",0.625,0.62,0.63,10524.229932999995,0,1,65,Democrats appear positioned for major gains or outright control of both the House and Senate in the upcoming 2026 midterms based on polling and historical patterns.,rising,
2026-09-30T14:37Z,2100981,"Likud most seats, Israel 2026",Will Likud win the most seats in the 2026 Israeli legislative election?,0.415,0.41,0.42,6029.300599000001,0,1,-65,Recent polls show Likud trailing or tied with Yashar for the largest party ahead of the October 27 election.,rising,
2026-09-30T14:37Z,1892495,Minnesota Lynx win 2026 WNBA Finals,Will Minnesota Lynx win the 2026 WNBA Finals?,0.0,,0.001,8069.891534999999,1,0,,,,market_closed
